<?xml version="1.0"?>

<beans
	xmlns="http://www.springframework.org/schema/beans"
	xmlns:context="http://www.springframework.org/schema/context"
	xmlns:xsi="http://www.w3.org/2001/XMLSchema-instance"
	xsi:schemaLocation="http://www.springframework.org/schema/beans http://www.springframework.org/schema/beans/spring-beans.xsd http://www.springframework.org/schema/context http://www.springframework.org/schema/context/spring-context.xsd"
>
	<context:annotation-config />
	<bean class="org.springframework.web.servlet.view.InternalResourceViewResolver" id="viewResolver">
		<property name="contentType" value="text/html;charset=UTF-8" />
		<property name="prefix" value="/WEB-INF/views/" />
		<property name="suffix" value=".jspx" />
		<property name="viewClass" value="org.springframework.web.servlet.view.JstlView" />
	</bean>
	<bean id="messageSource" class="org.springframework.context.support.ResourceBundleMessageSource">
		<property name="basenames">
			<list>
				<value>content.Language</value>
			</list>
		</property>
		<property name="defaultEncoding" value="UTF-8" />
	</bean>
</beans>